label,keywords,representative_documents,document_count,percentage,coherence_score
Outliers,,The role of Society 5.0 in achieving sustainable development: a spherical fuzzy set approach || DO DIGITAL TRANSFORMATION AND MACROECONOMIC STABILITY MATTER FOR THE ASEAN?£¦S ECONOMIC GROWTH? || Quality of human resources in the development of a digitalization model for prepaid new electricity registration services: A case study at PT. Perusahaan Listrik Negara (Persero) Banten province,983,14.95,
Topic 0,"sustainable development, green innovation, economic growth, economic development, supply chain, rights reserved, results show, esg performance, listed companies, carbon emissions",Using reputation for corporate sustainability to tackle banks digitalization challenges || Effect of the COVID-19 pandemic on public managers?£¦ attitudes toward digital transformation || Impact of Digital Transformation toward Sustainable Development,1958,29.77,0.4878
Topic 1,"higher education, rights reserved, artificial intelligence, covid pandemic, education institutions, higher education institutions, teaching learning, transformation education, health care, online learning","The present and future of digital health, digital medicine, and digital therapeutics for allergic diseases || Cardiovascular models for personalised medicine: Where now and where next? || Women Academic Leadership in Islamic Higher Education: Embracing the Society 5.0 Era",1892,28.77,0.4648
Topic 2,"real time, cyber physical, artificial intelligence, machine learning, decision making, internet things, renewable energy, things iot, internet things iot, supply chain","Modified Red Fox Optimizer with Deep Learning Enabled False Data Injection Attack Detection || DIGITAL INCLUSION OF TOURISM BUSINESS IN THE CONDITIONS OF GLOBAL SMARTIZATION: POTENTIAL, MECHANISMS AND STRATEGIC TOOLS || Next-Generation Smart Grid Cybersecurity: A Systematic Review of OT Cyber Threats, AI-Driven Defense, Cyber Deception Techniques, and Emerging Security Strategies",1621,24.65,0.6084
Topic 3,"virtual reality, artificial intelligence, augmented reality, mixed reality, industrial metaverse, virtual environments, metaverse business, extended reality, real world, virtual world","Metamodeling Approach to Sociotechnical Systems?£¦ External Context Digital Twins Building: A Higher Education Case Study || Metaverse and Digital Twins in the Age of AI and Extended Reality || Metaverse: Concept, Key Technologies, and Vision",49,0.75,0.5934
Topic 4,"cyber physical, physical cps, cyber physical cps, engineering curricula, cps education, cyber cphysical, cpss training, cps hitl, cps design, cyber physical cpss","A Comprehensive Review of Key Cyber-Physical Systems, and Assessment of Their Education Challenges || Project-Based CPS Education: A Case Study of an Autonomous Driving Student Project || A Graduate Curriculum in Cyber-Physical Systems",29,0.44,0.419
Topic 5,"tax administration, tax mechanisms, financial tax mechanisms, financial tax, income tax, socio economic crisis, tax law, innovative development, economic crisis, tax evasion",Innovative Development of tax Administration in Russia || Analysis of taxation principles: A systematic review || Digital Transformation and Financial Education in Albania: Toward a Smarter Fiscal System,15,0.23,0.3569
Topic 6,"accounting profession, accounting education, professional security, hidden curriculum, impact accounting, transformation accounting, blockchain analytics, accounting professionals, accountants advisors, knowledge skills",Digital transformation: A critical gap for the accounting profession; [Transformaci¡ù?n digital: Una brecha cr¡ùatica para la profesi¡ù?n contable] || Digital transformation and accountants as advisors || The Accounting Education: Is a Paradigm Shift Needed?,15,0.23,0.3648
Topic 7,"entrepreneurial journalism, local media, journalism students, journalism education, journalistic expertise, taylor francis group, francis group, taylor francis, media companies, trading taylor","The Place and Status of Photography in Changing Newsrooms: Economic Constraints, Digital Convergence and Visual Culture in the 2020s || Journalists?£¦ Perspectives on the Role of Artificial Intelligence in Enhancing Quality Journalism in Greek Local Media || Research on digital native media: an emerging topic in the field of digital communication",14,0.21,0.3886
